disease_name,link
Abdominal aortic aneurysm,https://www.nhsinform.scot/illnesses-and-conditions/cardiovascular-disease/heart-disease/abdominal-aortic-aneurysm/
Achillies tendinopathy,https://www.nhsinform.scot/illnesses-and-conditions/muscle-bone-and-joints/conditions-muscle-bone-and-joints/achillies-tendinopathy/
Acne,https://www.nhsinform.scot/illnesses-and-conditions/skin-hair-and-nails/acne/
Acute cholecystitis,https://www.nhsinform.scot/illnesses-and-conditions/stomach-liver-and-gastrointestinal-tract/acute-cholecystitis/
Acute lymphoblastic leukaemia,https://www.nhsinform.scot/illnesses-and-conditions/cancer/cancer-types-in-adults/acute-lymphoblastic-leukaemia/
Acute lymphoblastic leukaemia: Children,https://www.nhsinform.scot/illnesses-and-conditions/cancer/cancer-types-in-children/acute-lymphoblastic-leukaemia-children/
Acute lymphoblastic leukaemia: Teenagers and young adults,https://www.nhsinform.scot/illnesses-and-conditions/cancer/cancer-types-in-teenagers-and-young-adults/acute-lymphoblastic-leukaemia-teenagers-and-young-adults/
Acute myeloid leukaemia,https://www.nhsinform.scot/illnesses-and-conditions/cancer/cancer-types-in-adults/acute-myeloid-leukaemia/
Acute myeloid leukaemia: Children,https://www.nhsinform.scot/illnesses-and-conditions/cancer/cancer-types-in-children/acute-myeloid-leukaemia-children/
Acute myeloid leukaemia: Teenagers and young adults,https://www.nhsinform.scot/illnesses-and-conditions/cancer/cancer-types-in-teenagers-and-young-adults/acute-myeloid-leukaemia-teenagers-and-young-adults/
Acute pancreatitis,https://www.nhsinform.scot/illnesses-and-conditions/stomach-liver-and-gastrointestinal-tract/acute-pancreatitis/
Addison’s disease,https://www.nhsinform.scot/illnesses-and-conditions/glands/addisons-disease/
Adenomyosis,https://www.nhsinform.scot/healthy-living/womens-health/girls-and-young-women-puberty-to-around-25/periods-and-menstrual-health/adenomyosis/
Alcohol-related liver disease,https://www.nhsinform.scot/illnesses-and-conditions/stomach-liver-and-gastrointestinal-tract/alcohol-related-liver-disease/
Allergic rhinitis,https://www.nhsinform.scot/illnesses-and-conditions/ears-nose-and-throat/allergic-rhinitis/
Allergies,https://www.nhsinform.scot/illnesses-and-conditions/immune-system/allergies/
Alzheimer’s disease,https://www.nhsinform.scot/illnesses-and-conditions/brain-nerves-and-spinal-cord/dementia/types-of-dementia/alzheimers-disease/
Anal cancer,https://www.nhsinform.scot/illnesses-and-conditions/cancer/cancer-types-in-adults/anal-cancer/
Anaphylaxis,https://www.nhsinform.scot/illnesses-and-conditions/immune-system/anaphylaxis/
Angina,https://www.nhsinform.scot/illnesses-and-conditions/cardiovascular-disease/heart-disease/angina/
Angioedema,https://www.nhsinform.scot/illnesses-and-conditions/skin-hair-and-nails/angioedema/
Ankle sprain,https://www.nhsinform.scot/illnesses-and-conditions/muscle-bone-and-joints/conditions/ankle-sprain/
Ankylosing spondylitis,https://www.nhsinform.scot/illnesses-and-conditions/muscle-bone-and-joints/conditions/ankylosing-spondylitis/
Anorexia nervosa,https://www.nhsinform.scot/illnesses-and-conditions/mental-health/anorexia-nervosa/
Anxiety,https://www.nhsinform.scot/illnesses-and-conditions/mental-health/anxiety/
Anxiety disorders in children,https://www.nhsinform.scot/illnesses-and-conditions/mental-health/anxiety-disorders-in-children/
Appendicitis,https://www.nhsinform.scot/illnesses-and-conditions/stomach-liver-and-gastrointestinal-tract/appendicitis/
Arterial thrombosis,https://www.nhsinform.scot/illnesses-and-conditions/cardiovascular-disease/heart-disease/arterial-thrombosis/
Arthritis,https://www.nhsinform.scot/illnesses-and-conditions/muscle-bone-and-joints/conditions/arthritis/
Asbestosis,https://www.nhsinform.scot/illnesses-and-conditions/lungs-and-airways/asbestosis/
Asthma,https://www.nhsinform.scot/illnesses-and-conditions/lungs-and-airways/asthma/
Ataxia,https://www.nhsinform.scot/illnesses-and-conditions/brain-nerves-and-spinal-cord/ataxia/
Atopic eczema,https://www.nhsinform.scot/illnesses-and-conditions/skin-hair-and-nails/atopic-eczema/
Atrial fibrillation,https://www.nhsinform.scot/illnesses-and-conditions/cardiovascular-disease/heart-disease/atrial-fibrillation/
Attention deficit hyperactivity disorder (ADHD),https://www.nhsinform.scot/illnesses-and-conditions/mental-health/attention-deficit-hyperactivity-disorder-adhd/
Autistic spectrum disorder (ASD),https://www.nhsinform.scot/illnesses-and-conditions/brain-nerves-and-spinal-cord/autism-spectrum-disorder-asd/
Bacterial vaginosis,https://www.nhsinform.scot/illnesses-and-conditions/sexual-and-reproductive/bacterial-vaginosis/
Benign prostate enlargement,https://www.nhsinform.scot/illnesses-and-conditions/kidneys-bladder-and-prostate/benign-prostate-enlargement/
Bile duct cancer (cholangiocarcinoma),https://www.nhsinform.scot/illnesses-and-conditions/cancer/cancer-types-in-adults/bile-duct-cancer-cholangiocarcinoma/
Binge eating,https://www.nhsinform.scot/illnesses-and-conditions/mental-health/binge-eating-disorder/
Bipolar disorder,https://www.nhsinform.scot/illnesses-and-conditions/mental-health/bipolar-disorder/
Bladder cancer,https://www.nhsinform.scot/illnesses-and-conditions/cancer/cancer-types-in-adults/bladder-cancer/
Blood poisoning (sepsis),https://www.nhsinform.scot/illnesses-and-conditions/blood-and-lymph/sepsis/
Bone cancer,https://www.nhsinform.scot/illnesses-and-conditions/cancer/cancer-types-in-adults/bone-cancer/
Bone cancer: Teenagers and young adults,https://www.nhsinform.scot/illnesses-and-conditions/cancer/cancer-types-in-teenagers-and-young-adults/bone-cancer-teenagers-and-young-adults/
Bowel cancer,https://www.nhsinform.scot/illnesses-and-conditions/cancer/cancer-types-in-adults/bowel-cancer/
Bowel incontinence,https://www.nhsinform.scot/illnesses-and-conditions/stomach-liver-and-gastrointestinal-tract/bowel-incontinence/
Bowel polyps,https://www.nhsinform.scot/illnesses-and-conditions/stomach-liver-and-gastrointestinal-tract/bowel-polyps/
Brain stem death,https://www.nhsinform.scot/illnesses-and-conditions/brain-nerves-and-spinal-cord/brain-stem-death/
Brain tumours,https://www.nhsinform.scot/illnesses-and-conditions/cancer/cancer-types-in-adults/brain-tumours/
Brain tumours: Children,https://www.nhsinform.scot/illnesses-and-conditions/cancer/cancer-types-in-children/brain-tumours-children/
Brain tumours: Teenagers and young adults,https://www.nhsinform.scot/illnesses-and-conditions/cancer/cancer-types-in-teenagers-and-young-adults/brain-tumours-teenagers-and-young-adults/
Breast cancer (female),https://www.nhsinform.scot/illnesses-and-conditions/cancer/cancer-types-in-adults/breast-cancer-female/
Breast cancer (male),https://www.nhsinform.scot/illnesses-and-conditions/cancer/cancer-types-in-adults/breast-cancer-male/
Bronchiectasis,https://www.nhsinform.scot/illnesses-and-conditions/lungs-and-airways/bronchiectasis/
Bronchitis,https://www.nhsinform.scot/illnesses-and-conditions/lungs-and-airways/bronchitis/
Bulimia,https://www.nhsinform.scot/illnesses-and-conditions/mental-health/bulimia/
Bunion,https://www.nhsinform.scot/illnesses-and-conditions/muscle-bone-and-joints/conditions/bunion-hallux-valgus/
Carcinoid syndrome and carcinoid tumours,https://www.nhsinform.scot/illnesses-and-conditions/cancer/cancer-types-in-adults/carcinoid-syndrome-and-carcinoid-tumours/
Cardiovascular disease,https://www.nhsinform.scot/illnesses-and-conditions/cardiovascular-disease/
Carpal tunnel syndrome,https://www.nhsinform.scot/illnesses-and-conditions/muscle-bone-and-joints/conditions/carpal-tunnel-syndrome/
Catarrh,https://www.nhsinform.scot/illnesses-and-conditions/lungs-and-airways/catarrh/
Cellulitis,https://www.nhsinform.scot/illnesses-and-conditions/skin-hair-and-nails/cellulitis/
Cerebral palsy,https://www.nhsinform.scot/illnesses-and-conditions/brain-nerves-and-spinal-cord/cerebral-palsy/
Cervical cancer,https://www.nhsinform.scot/illnesses-and-conditions/cancer/cancer-types-in-adults/cervical-cancer/
Cervical spondylosis,https://www.nhsinform.scot/illnesses-and-conditions/muscle-bone-and-joints/conditions/cervical-spondylosis/
Chest and rib injury,https://www.nhsinform.scot/illnesses-and-conditions/muscle-bone-and-joints/conditions/chest-and-rib-injury/
Chest infection,https://www.nhsinform.scot/illnesses-and-conditions/infections-and-poisoning/chest-infection/
Chickenpox,https://www.nhsinform.scot/illnesses-and-conditions/infections-and-poisoning/chickenpox/
Chilblains,https://www.nhsinform.scot/illnesses-and-conditions/skin-hair-and-nails/chilblains/
Chlamydia,https://www.nhsinform.scot/illnesses-and-conditions/sexual-and-reproductive/chlamydia/
Chronic fatigue syndrome,https://www.nhsinform.scot/illnesses-and-conditions/brain-nerves-and-spinal-cord/myalgic-encephalomyelitis-me-or-chronic-fatigue-syndrome-cfs/
Chronic kidney disease,https://www.nhsinform.scot/illnesses-and-conditions/kidneys-bladder-and-prostate/chronic-kidney-disease/
Chronic lymphocytic leukaemia,https://www.nhsinform.scot/illnesses-and-conditions/cancer/cancer-types-in-adults/chronic-lymphocytic-leukaemia/
Chronic myeloid leukaemia,https://www.nhsinform.scot/illnesses-and-conditions/cancer/cancer-types-in-adults/chronic-myeloid-leukaemia/
Chronic obstructive pulmonary disease (COPD),https://www.nhsinform.scot/illnesses-and-conditions/lungs-and-airways/copd/chronic-obstructive-pulmonary-disease/
Chronic pain,https://www.nhsinform.scot/illnesses-and-conditions/brain-nerves-and-spinal-cord/chronic-pain
Chronic pancreatitis,https://www.nhsinform.scot/illnesses-and-conditions/stomach-liver-and-gastrointestinal-tract/chronic-pancreatitis/
Cirrhosis,https://www.nhsinform.scot/illnesses-and-conditions/stomach-liver-and-gastrointestinal-tract/cirrhosis/
Clostridium difficile,https://www.nhsinform.scot/illnesses-and-conditions/infections-and-poisoning/clostridium-difficile/
Coeliac disease,https://www.nhsinform.scot/illnesses-and-conditions/stomach-liver-and-gastrointestinal-tract/coeliac-disease/coeliac-disease/
Cold sore,https://www.nhsinform.scot/illnesses-and-conditions/mouth/cold-sore/
Coma,https://www.nhsinform.scot/illnesses-and-conditions/brain-nerves-and-spinal-cord/coma/
Common cold,https://www.nhsinform.scot/illnesses-and-conditions/infections-and-poisoning/common-cold/
Congenital heart disease,https://www.nhsinform.scot/illnesses-and-conditions/cardiovascular-disease/heart-disease/congenital-heart-disease/
Conjunctivitis,https://www.nhsinform.scot/illnesses-and-conditions/eyes/conjunctivitis/
Constipation,https://www.nhsinform.scot/illnesses-and-conditions/stomach-liver-and-gastrointestinal-tract/constipation/
Coronary heart disease,https://www.nhsinform.scot/illnesses-and-conditions/cardiovascular-disease/heart-disease/coronary-heart-disease/
Coronavirus (COVID-19),https://www.nhsinform.scot/illnesses-and-conditions/infections-and-poisoning/coronavirus-covid-19/coronavirus-covid-19/
Coronavirus (COVID-19): Longer-term effects (long COVID),https://www.nhsinform.scot/long-term-effects-of-covid-19-long-covid/
Costochondritis,https://www.nhsinform.scot/illnesses-and-conditions/muscle-bone-and-joints/conditions/costochondritis/
Cough,https://www.nhsinform.scot/illnesses-and-conditions/lungs-and-airways/cough/
Crohn’s disease,https://www.nhsinform.scot/illnesses-and-conditions/stomach-liver-and-gastrointestinal-tract/inflammatory-bowel-disease-ibd/crohns-disease/
Croup,https://www.nhsinform.scot/illnesses-and-conditions/lungs-and-airways/croup/
Cystic fibrosis,https://www.nhsinform.scot/illnesses-and-conditions/lungs-and-airways/cystic-fibrosis/
Cystitis,https://www.nhsinform.scot/illnesses-and-conditions/kidneys-bladder-and-prostate/cystitis/
Deafblindness,https://www.nhsinform.scot/illnesses-and-conditions/eyes/deafblindness/
Deep vein thrombosis,https://www.nhsinform.scot/illnesses-and-conditions/blood-and-lymph/deep-vein-thrombosis/
Degenerative Cervical Myelopathy,https://www.nhsinform.scot/illnesses-and-conditions/muscle-bone-and-joints/conditions/degenerative-cervical-myelopathy/
Dehydration,https://www.nhsinform.scot/illnesses-and-conditions/nutritional/dehydration/
Delirium,https://www.nhsinform.scot/illnesses-and-conditions/brain-nerves-and-spinal-cord/delirium/
Dementia,https://www.nhsinform.scot/illnesses-and-conditions/brain-nerves-and-spinal-cord/dementia
Dental abscess,https://www.nhsinform.scot/illnesses-and-conditions/mouth/dental-abscess/
Depression,https://www.nhsinform.scot/illnesses-and-conditions/mental-health/depression/
Dermatitis herpetiformis,https://www.nhsinform.scot/illnesses-and-conditions/skin-hair-and-nails/dermatitis-herpetiformis/
Diabetes,https://www.nhsinform.scot/illnesses-and-conditions/diabetes/diabetes/
Diabetic retinopathy,https://www.nhsinform.scot/illnesses-and-conditions/diabetes/diabetic-retinopathy/
Diarrhoea,https://www.nhsinform.scot/illnesses-and-conditions/stomach-liver-and-gastrointestinal-tract/diarrhoea/
Discoid eczema,https://www.nhsinform.scot/illnesses-and-conditions/skin-hair-and-nails/discoid-eczema/
Diverticular disease and diverticulitis,https://www.nhsinform.scot/illnesses-and-conditions/stomach-liver-and-gastrointestinal-tract/diverticular-disease-and-diverticulitis/
Dizziness (Lightheadedness),https://www.nhsinform.scot/illnesses-and-conditions/brain-nerves-and-spinal-cord/dizziness-lightheadedness/
Down’s syndrome,https://www.nhsinform.scot/illnesses-and-conditions/downs-syndrome/
Dry mouth,https://www.nhsinform.scot/illnesses-and-conditions/mouth/dry-mouth/
Dysphagia (swallowing problems),https://www.nhsinform.scot/illnesses-and-conditions/stomach-liver-and-gastrointestinal-tract/dysphagia-swallowing-problems/
Dystonia,https://www.nhsinform.scot/illnesses-and-conditions/brain-nerves-and-spinal-cord/dystonia/
Earache,https://www.nhsinform.scot/illnesses-and-conditions/ears-nose-and-throat/earache/
Earwax build-up,https://www.nhsinform.scot/illnesses-and-conditions/ears-nose-and-throat/earwax-build-up/
Ebola virus disease,https://www.nhsinform.scot/illnesses-and-conditions/infections-and-poisoning/ebola-virus-disease/
Ectopic pregnancy,https://www.nhsinform.scot/illnesses-and-conditions/pregnancy-and-childbirth/ectopic-pregnancy/
Edwards’ syndrome,https://www.nhsinform.scot/illnesses-and-conditions/chromosomal-conditions/edwards-syndrome/
Endometriosis,https://www.nhsinform.scot/healthy-living/womens-health/girls-and-young-women-puberty-to-around-25/periods-and-menstrual-health/endometriosis/
Epilepsy,https://www.nhsinform.scot/illnesses-and-conditions/brain-nerves-and-spinal-cord/epilepsy/
Erectile dysfunction (impotence),https://www.nhsinform.scot/illnesses-and-conditions/sexual-and-reproductive/erectile-dysfunction-impotence/
Escherichia coli (E. coli) O157,https://www.nhsinform.scot/illnesses-and-conditions/infections-and-poisoning/escherichia-coli-e-coli-o157/
Ewing sarcoma,https://www.nhsinform.scot/illnesses-and-conditions/cancer/cancer-types-in-adults/ewing-sarcoma/
Ewing sarcoma: Children,https://www.nhsinform.scot/illnesses-and-conditions/cancer/cancer-types-in-children/ewing-sarcoma-children/
Eye cancer,https://www.nhsinform.scot/illnesses-and-conditions/cancer/cancer-types-in-adults/eye-cancer/
Farting,https://www.nhsinform.scot/illnesses-and-conditions/stomach-liver-and-gastrointestinal-tract/farting/
Febrile seizures,https://www.nhsinform.scot/illnesses-and-conditions/brain-nerves-and-spinal-cord/febrile-seizures/
Feeling of something in your throat (Globus),https://www.nhsinform.scot/illnesses-and-conditions/ears-nose-and-throat/feeling-of-something-in-your-throat-globus/
Fever in adults,https://www.nhsinform.scot/illnesses-and-conditions/infections-and-poisoning/fever-in-adults/
Fever in children,https://www.nhsinform.scot/illnesses-and-conditions/infections-and-poisoning/fever-in-children/
Fibroids,https://www.nhsinform.scot/healthy-living/womens-health/girls-and-young-women-puberty-to-around-25/periods-and-menstrual-health/fibroids/
Fibromyalgia,https://www.nhsinform.scot/illnesses-and-conditions/muscle-bone-and-joints/conditions/fibromyalgia/
Flu,https://www.nhsinform.scot/illnesses-and-conditions/infections-and-poisoning/flu/
Foetal alcohol syndrome,https://www.nhsinform.scot/ready-steady-baby/pregnancy/looking-after-yourself-and-your-baby/alcohol-and-pregnancy/
Food allergy,https://www.nhsinform.scot/illnesses-and-conditions/nutritional/food-allergy/
Food poisoning,https://www.nhsinform.scot/illnesses-and-conditions/infections-and-poisoning/food-poisoning/
Frozen shoulder,https://www.nhsinform.scot/illnesses-and-conditions/muscle-bone-and-joints/conditions/frozen-shoulder/
Functional neurological disorder (FND),https://www.nhsinform.scot/illnesses-and-conditions/brain-nerves-and-spinal-cord/functional-neurological-disorder/
Fungal nail infection,https://www.nhsinform.scot/illnesses-and-conditions/skin-hair-and-nails/fungal-nail-infection/
Gallbladder cancer,https://www.nhsinform.scot/illnesses-and-conditions/cancer/cancer-types-in-adults/gallbladder-cancer/
Gallstones,https://www.nhsinform.scot/illnesses-and-conditions/stomach-liver-and-gastrointestinal-tract/gallstones/
Ganglion cyst,https://www.nhsinform.scot/illnesses-and-conditions/muscle-bone-and-joints/conditions/ganglion-cyst/
Gastroenteritis,https://www.nhsinform.scot/illnesses-and-conditions/stomach-liver-and-gastrointestinal-tract/gastroenteritis/
Gastro-oesophageal reflux disease (GORD),https://www.nhsinform.scot/illnesses-and-conditions/stomach-liver-and-gastrointestinal-tract/gastro-oesophageal-reflux-disease-gord/
Genital herpes,https://www.nhsinform.scot/illnesses-and-conditions/sexual-and-reproductive/genital-herpes/
Genital symptoms,https://www.nhsinform.scot/illnesses-and-conditions/sexual-and-reproductive/managing-genital-symptoms/
Genital warts,https://www.nhsinform.scot/illnesses-and-conditions/sexual-and-reproductive/genital-warts/
Germ cell tumours,https://www.nhsinform.scot/illnesses-and-conditions/cancer/cancer-types-in-children/germ-cell-tumours/
Glandular fever,https://www.nhsinform.scot/illnesses-and-conditions/infections-and-poisoning/glandular-fever/
Golfers elbow,https://www.nhsinform.scot/illnesses-and-conditions/muscle-bone-and-joints/conditions/golfers-elbow/
Gonorrhoea,https://www.nhsinform.scot/illnesses-and-conditions/sexual-and-reproductive/gonorrhoea/
Gout,https://www.nhsinform.scot/illnesses-and-conditions/muscle-bone-and-joints/conditions/gout/
Greater trochanteric pain syndrome,https://www.nhsinform.scot/illnesses-and-conditions/muscle-bone-and-joints/conditions/greater-trochanteric-pain-syndrome/
Gum disease,https://www.nhsinform.scot/illnesses-and-conditions/mouth/gum-disease/
Haemorrhoids (piles),https://www.nhsinform.scot/illnesses-and-conditions/stomach-liver-and-gastrointestinal-tract/haemorrhoids-piles/
"Hand, foot and mouth disease",https://www.nhsinform.scot/illnesses-and-conditions/infections-and-poisoning/hand-foot-and-mouth-disease/
Hay fever,https://www.nhsinform.scot/illnesses-and-conditions/immune-system/hay-fever/
Head and neck cancer,https://www.nhsinform.scot/illnesses-and-conditions/cancer/cancer-types-in-adults/head-and-neck-cancer/
Head lice and nits,https://www.nhsinform.scot/illnesses-and-conditions/skin-hair-and-nails/head-lice-and-nits/
Headaches,https://www.nhsinform.scot/illnesses-and-conditions/brain-nerves-and-spinal-cord/headaches/
Hearing loss,https://www.nhsinform.scot/illnesses-and-conditions/ears-nose-and-throat/hearing-loss/
Heart attack,https://www.nhsinform.scot/illnesses-and-conditions/cardiovascular-disease/heart-disease/heart-attack/
Heart block,https://www.nhsinform.scot/illnesses-and-conditions/cardiovascular-disease/heart-disease/heart-block/
Heart failure,https://www.nhsinform.scot/illnesses-and-conditions/cardiovascular-disease/heart-disease/heart-failure/
Heart palpitations,https://www.nhsinform.scot/illnesses-and-conditions/cardiovascular-disease/heart-disease/heart-palpitations/
Hepatitis A,https://www.nhsinform.scot/illnesses-and-conditions/stomach-liver-and-gastrointestinal-tract/hepatitis-a/
Hepatitis B,https://www.nhsinform.scot/illnesses-and-conditions/stomach-liver-and-gastrointestinal-tract/hepatitis-b/
Hepatitis C,https://www.nhsinform.scot/illnesses-and-conditions/stomach-liver-and-gastrointestinal-tract/hepatitis-c/
Hiatus hernia,https://www.nhsinform.scot/illnesses-and-conditions/stomach-liver-and-gastrointestinal-tract/hiatus-hernia/
High blood pressure (hypertension),https://www.nhsinform.scot/illnesses-and-conditions/cardiovascular-disease/risk-factors-for-cardiovascular-disease/high-blood-pressure-hypertension/
High cholesterol,https://www.nhsinform.scot/illnesses-and-conditions/cardiovascular-disease/risk-factors-for-cardiovascular-disease/high-cholesterol/
HIV,https://www.nhsinform.scot/illnesses-and-conditions/immune-system/hiv/
Hodgkin lymphoma,https://www.nhsinform.scot/illnesses-and-conditions/cancer/cancer-types-in-adults/hodgkin-lymphoma/
Hodgkin lymphoma: Children,https://www.nhsinform.scot/illnesses-and-conditions/cancer/cancer-types-in-children/hodgkin-lymphoma-children/
Hodgkin lymphoma: Teenagers and young adults,https://www.nhsinform.scot/illnesses-and-conditions/cancer/cancer-types-in-teenagers-and-young-adults/hodgkin-lymphoma-teenagers-and-young-adults/
Huntington’s disease,https://www.nhsinform.scot/illnesses-and-conditions/brain-nerves-and-spinal-cord/huntingtons-disease/
Hyperglycaemia (high blood sugar),https://www.nhsinform.scot/illnesses-and-conditions/blood-and-lymph/hyperglycaemia-high-blood-sugar/
Hyperhidrosis,https://www.nhsinform.scot/illnesses-and-conditions/skin-hair-and-nails/hyperhidrosis/
Hypoglycaemia (low blood sugar),https://www.nhsinform.scot/illnesses-and-conditions/blood-and-lymph/hypoglycaemia-low-blood-sugar/
Idiopathic pulmonary fibrosis,https://www.nhsinform.scot/illnesses-and-conditions/lungs-and-airways/idiopathic-pulmonary-fibrosis/
If your child has cold or flu symptoms,https://www.nhsinform.scot/illnesses-and-conditions/lungs-and-airways/if-your-child-has-cold-or-flu-symptoms/
Impetigo,https://www.nhsinform.scot/illnesses-and-conditions/infections-and-poisoning/impetigo/
Indigestion,https://www.nhsinform.scot/illnesses-and-conditions/stomach-liver-and-gastrointestinal-tract/indigestion/
Ingrown toenail,https://www.nhsinform.scot/illnesses-and-conditions/skin-hair-and-nails/ingrown-toenail/
Infertility,https://www.nhsinform.scot/illnesses-and-conditions/sexual-and-reproductive/infertility/
Inflammatory bowel disease (IBD),https://www.nhsinform.scot/illnesses-and-conditions/stomach-liver-and-gastrointestinal-tract/inflammatory-bowel-disease-ibd
Inherited heart conditions,https://www.nhsinform.scot/illnesses-and-conditions/cardiovascular-disease/heart-disease/inherited-heart-conditions/
Insomnia,https://www.nhsinform.scot/illnesses-and-conditions/mental-health/insomnia/
Iron deficiency anaemia,https://www.nhsinform.scot/illnesses-and-conditions/nutritional/iron-deficiency-anaemia/
Irritable bowel syndrome (IBS),https://www.nhsinform.scot/illnesses-and-conditions/stomach-liver-and-gastrointestinal-tract/irritable-bowel-syndrome-ibs/
Itching,https://www.nhsinform.scot/illnesses-and-conditions/skin-hair-and-nails/itchy-skin/
Itchy bottom,https://www.nhsinform.scot/illnesses-and-conditions/skin-hair-and-nails/itchy-bottom/
Itchy skin,https://www.nhsinform.scot/illnesses-and-conditions/skin-hair-and-nails/itchy-skin/
Joint hypermobility,https://www.nhsinform.scot/illnesses-and-conditions/muscle-bone-and-joints/conditions/joint-hypermobility/
Kaposi’s sarcoma,https://www.nhsinform.scot/illnesses-and-conditions/cancer/cancer-types-in-adults/kaposis-sarcoma/
Kidney cancer,https://www.nhsinform.scot/illnesses-and-conditions/cancer/cancer-types-in-adults/kidney-cancer/
Kidney infection,https://www.nhsinform.scot/illnesses-and-conditions/kidneys-bladder-and-prostate/kidney-infection/
Kidney stones,https://www.nhsinform.scot/illnesses-and-conditions/kidneys-bladder-and-prostate/kidney-stones/
Labyrinthitis,https://www.nhsinform.scot/illnesses-and-conditions/ears-nose-and-throat/labyrinthitis/
Lactose intolerance,https://www.nhsinform.scot/illnesses-and-conditions/nutritional/lactose-intolerance/
Laryngeal (larynx) cancer,https://www.nhsinform.scot/illnesses-and-conditions/cancer/cancer-types-in-adults/laryngeal-larynx-cancer/
Laryngitis,https://www.nhsinform.scot/illnesses-and-conditions/ears-nose-and-throat/laryngitis/
Leg cramps,https://www.nhsinform.scot/illnesses-and-conditions/muscle-bone-and-joints/conditions/leg-cramps/
Lichen planus,https://www.nhsinform.scot/illnesses-and-conditions/skin-hair-and-nails/lichen-planus/
Lipoedema,https://www.nhsinform.scot/healthy-living/womens-health/middle-years-around-25-to-50-years/long-term-conditions/lipoedema/
Liver cancer,https://www.nhsinform.scot/illnesses-and-conditions/cancer/cancer-types-in-adults/liver-cancer/
Liver disease,https://www.nhsinform.scot/illnesses-and-conditions/stomach-liver-and-gastrointestinal-tract/liver-disease/
Liver tumours,https://www.nhsinform.scot/illnesses-and-conditions/cancer/cancer-types-in-children/liver-tumours/
Long-term effects of COVID-19,https://www.nhsinform.scot/long-term-effects-of-covid-19-long-covid/
Loss of libido,https://www.nhsinform.scot/illnesses-and-conditions/sexual-and-reproductive/loss-of-libido/
Low blood pressure (hypotension),https://www.nhsinform.scot/illnesses-and-conditions/heart-and-blood-vessels/conditions/low-blood-pressure-hypotension/
Lumbar stenosis,https://www.nhsinform.scot/illnesses-and-conditions/muscle-bone-and-joints/conditions/lumbar-stenosis/
Lung cancer,https://www.nhsinform.scot/illnesses-and-conditions/cancer/cancer-types-in-adults/lung-cancer/
Lupus,https://www.nhsinform.scot/illnesses-and-conditions/immune-system/lupus/
Lyme disease,https://www.nhsinform.scot/illnesses-and-conditions/infections-and-poisoning/lyme-disease/
Lymphoedema,https://www.nhsinform.scot/illnesses-and-conditions/blood-and-lymph/lymphoedema/
Lymphogranuloma venereum (LGV),https://www.nhsinform.scot/illnesses-and-conditions/sexual-and-reproductive/lymphogranuloma-venereum-lgv/
Malaria,https://www.nhsinform.scot/illnesses-and-conditions/infections-and-poisoning/malaria/
Malignant brain tumour (cancerous),https://www.nhsinform.scot/illnesses-and-conditions/cancer/cancer-types-in-adults/malignant-brain-tumour-cancerous/
Malnutrition,https://www.nhsinform.scot/illnesses-and-conditions/nutritional/malnutrition/
Managing genital symptoms,https://www.nhsinform.scot/illnesses-and-conditions/sexual-and-reproductive/managing-genital-symptoms/
Measles,https://www.nhsinform.scot/illnesses-and-conditions/infections-and-poisoning/measles/
Meningitis,https://www.nhsinform.scot/illnesses-and-conditions/infections-and-poisoning/meningitis/
Meniere’s disease,https://www.nhsinform.scot/illnesses-and-conditions/ears-nose-and-throat/menieres-disease/
Menopause,https://www.nhsinform.scot/healthy-living/womens-health/later-years-around-50-years-and-over#menopause-and-post-menopause-health
Mesothelioma,https://www.nhsinform.scot/illnesses-and-conditions/cancer/cancer-types-in-adults/mesothelioma/
Middle ear infection (otitis media),https://www.nhsinform.scot/illnesses-and-conditions/ears-nose-and-throat/middle-ear-infection-otitis-media/
Migraine,https://www.nhsinform.scot/illnesses-and-conditions/brain-nerves-and-spinal-cord/migraine/
Miscarriage,https://www.nhsinform.scot/illnesses-and-conditions/pregnancy-and-childbirth/miscarriage/
Motor neurone disease (MND),https://www.nhsinform.scot/illnesses-and-conditions/brain-nerves-and-spinal-cord/motor-neurone-disease-mnd/
Mouth cancer,https://www.nhsinform.scot/illnesses-and-conditions/cancer/cancer-types-in-adults/mouth-cancer/
Mouth ulcer,https://www.nhsinform.scot/illnesses-and-conditions/mouth/mouth-ulcer/
Multiple myeloma,https://www.nhsinform.scot/illnesses-and-conditions/cancer/cancer-types-in-adults/multiple-myeloma/
Multiple sclerosis (MS),https://www.nhsinform.scot/illnesses-and-conditions/brain-nerves-and-spinal-cord/multiple-sclerosis-ms/
Multiple system atrophy (MSA),https://www.nhsinform.scot/illnesses-and-conditions/brain-nerves-and-spinal-cord/multiple-system-atrophy-msa/
Mumps,https://www.nhsinform.scot/illnesses-and-conditions/infections-and-poisoning/mumps/
Munchausen’s syndrome,https://www.nhsinform.scot/illnesses-and-conditions/mental-health/munchausens-syndrome/
Myalgic encephalomyelitis (ME) or chronic fatigue syndrome (CFS),https://www.nhsinform.scot/illnesses-and-conditions/brain-nerves-and-spinal-cord/myalgic-encephalomyelitis-me-or-chronic-fatigue-syndrome-cfs/
Myasthenia gravis,https://www.nhsinform.scot/illnesses-and-conditions/brain-nerves-and-spinal-cord/myasthenia-gravis/
Nasal and sinus cancer,https://www.nhsinform.scot/illnesses-and-conditions/cancer/cancer-types-in-adults/nasal-and-sinus-cancer/
Nasopharyngeal cancer,https://www.nhsinform.scot/illnesses-and-conditions/cancer/cancer-types-in-adults/nasopharyngeal-cancer/
Neck problems,https://www.nhsinform.scot/illnesses-and-conditions/muscle-bone-and-joints/self-management-advice/neck-problems/
Neuroblastoma: Children,https://www.nhsinform.scot/illnesses-and-conditions/cancer/cancer-types-in-children/neuroblastoma-children/
Neuroendocrine tumours,https://www.nhsinform.scot/illnesses-and-conditions/cancer/cancer-types-in-adults/neuroendocrine-tumours/
Non-alcoholic fatty liver disease (NAFLD),https://www.nhsinform.scot/illnesses-and-conditions/stomach-liver-and-gastrointestinal-tract/non-alcoholic-fatty-liver-disease-nafld/
Non-Hodgkin lymphoma,https://www.nhsinform.scot/illnesses-and-conditions/cancer/cancer-types-in-adults/non-hodgkin-lymphoma/
Non-Hodgkin lymphoma: Children,https://www.nhsinform.scot/illnesses-and-conditions/cancer/cancer-types-in-children/non-hodgkin-lymphoma-children/
Norovirus,https://www.nhsinform.scot/illnesses-and-conditions/infections-and-poisoning/norovirus/
Nosebleed,https://www.nhsinform.scot/illnesses-and-conditions/ears-nose-and-throat/nosebleed/
Obesity,https://www.nhsinform.scot/illnesses-and-conditions/nutritional/obesity/
Obsessive compulsive disorder (OCD),https://www.nhsinform.scot/illnesses-and-conditions/mental-health/obsessive-compulsive-disorder-ocd/
Obstructive sleep apnoea,https://www.nhsinform.scot/illnesses-and-conditions/lungs-and-airways/obstructive-sleep-apnoea/
Oesophageal cancer,https://www.nhsinform.scot/illnesses-and-conditions/cancer/cancer-types-in-adults/oesophageal-cancer/
Oral thrush in adults,https://www.nhsinform.scot/illnesses-and-conditions/infections-and-poisoning/oral-thrush-in-adults/
Osteoarthritis,https://www.nhsinform.scot/illnesses-and-conditions/muscle-bone-and-joints/conditions/osteoarthritis/
Osteoarthritis of the hip,https://www.nhsinform.scot/illnesses-and-conditions/muscle-bone-and-joints/conditions/osteoarthritis-of-the-hip/
Osteoarthritis of the knee,https://www.nhsinform.scot/illnesses-and-conditions/muscle-bone-and-joints/conditions/osteoarthritis-of-the-knee/
Osteoarthritis of the thumb,https://www.nhsinform.scot/illnesses-and-conditions/muscle-bone-and-joints/conditions/osteoarthritis-of-the-thumb/
Osteoporosis,https://www.nhsinform.scot/illnesses-and-conditions/muscle-bone-and-joints/conditions/osteoporosis/
Osteosarcoma,https://www.nhsinform.scot/illnesses-and-conditions/cancer/cancer-types-in-children/osteosarcoma/
Outer ear infection (otitis externa),https://www.nhsinform.scot/illnesses-and-conditions/ears-nose-and-throat/otitis-externa/
Ovarian cancer,https://www.nhsinform.scot/illnesses-and-conditions/cancer/cancer-types-in-adults/ovarian-cancer/
Ovarian cancer: Teenagers and young adults,https://www.nhsinform.scot/illnesses-and-conditions/cancer/cancer-types-in-teenagers-and-young-adults/ovarian-cancer-teenagers-and-young-adults/
Ovarian cyst,https://www.nhsinform.scot/healthy-living/womens-health/middle-years-around-25-to-50-years/periods-and-menstrual-health/ovarian-cyst/
Overactive thyroid,https://www.nhsinform.scot/illnesses-and-conditions/glands/overactive-thyroid/
Pain in the ball of the foot,https://www.nhsinform.scot/illnesses-and-conditions/muscle-bone-and-joints/conditions/pain-in-the-ball-of-the-foot/
Paget’s disease of the nipple,https://www.nhsinform.scot/illnesses-and-conditions/cancer/cancer-types-in-adults/pagets-disease-of-the-nipple/
Pancreatic cancer,https://www.nhsinform.scot/illnesses-and-conditions/cancer/cancer-types-in-adults/pancreatic-cancer/
Panic disorder,https://www.nhsinform.scot/illnesses-and-conditions/mental-health/panic-disorder/
Parkinson’s disease,https://www.nhsinform.scot/illnesses-and-conditions/brain-nerves-and-spinal-cord/parkinsons-disease/
Patau’s syndrome,https://www.nhsinform.scot/illnesses-and-conditions/chromosomal-conditions/pataus-syndrome/
Patellofemoral pain syndrome,https://www.nhsinform.scot/illnesses-and-conditions/muscle-bone-and-joints/conditions/patellofemoral-pain-syndrome/
Pelvic inflammatory disease,https://www.nhsinform.scot/illnesses-and-conditions/sexual-and-reproductive/pelvic-inflammatory-disease/
Pelvic organ prolapse,https://www.nhsinform.scot/illnesses-and-conditions/sexual-and-reproductive/pelvic-organ-prolapse/
Penile cancer,https://www.nhsinform.scot/illnesses-and-conditions/cancer/cancer-types-in-adults/penile-cancer/
Peripheral neuropathy,https://www.nhsinform.scot/illnesses-and-conditions/brain-nerves-and-spinal-cord/peripheral-neuropathy/
Personality disorder,https://www.nhsinform.scot/illnesses-and-conditions/mental-health/personality-disorder/
PIMS,https://www.nhsinform.scot/illnesses-and-conditions/infections-and-poisoning/coronavirus-covid-19/complications/pims/
Plantar heel pain,https://www.nhsinform.scot/illnesses-and-conditions/muscle-bone-and-joints/conditions/plantar-heel-pain/
Pleurisy,https://www.nhsinform.scot/illnesses-and-conditions/lungs-and-airways/pleurisy/
Pneumonia,https://www.nhsinform.scot/illnesses-and-conditions/lungs-and-airways/pneumonia/
Polio,https://www.nhsinform.scot/illnesses-and-conditions/infections-and-poisoning/polio/
Polycystic ovary syndrome (PCOS),https://www.nhsinform.scot/healthy-living/womens-health/girls-and-young-women-puberty-to-around-25/periods-and-menstrual-health/polycystic-ovary-syndrome-pcos/
Polymyalgia rheumatica,https://www.nhsinform.scot/illnesses-and-conditions/muscle-bone-and-joints/conditions/polymyalgia-rheumatica/
Post-polio syndrome,https://www.nhsinform.scot/illnesses-and-conditions/brain-nerves-and-spinal-cord/post-polio-syndrome/
Post-traumatic stress disorder (PTSD),https://www.nhsinform.scot/illnesses-and-conditions/mental-health/post-traumatic-stress-disorder-ptsd/
Postural orthostatic tachycardia syndrome (PoTS),https://www.nhsinform.scot/long-covid/postural-orthostatic-tachycardia-syndrome-pots/
Postnatal depression,https://www.nhsinform.scot/illnesses-and-conditions/mental-health/postnatal-depression/
Pregnancy and baby,https://www.nhsinform.scot/ready-steady-baby/
Pressure ulcers,https://www.nhsinform.scot/illnesses-and-conditions/skin-hair-and-nails/pressure-ulcers/
Progressive supranuclear palsy (PSP),https://www.nhsinform.scot/illnesses-and-conditions/brain-nerves-and-spinal-cord/progressive-supranuclear-palsy-psp/
Prostate cancer,https://www.nhsinform.scot/illnesses-and-conditions/cancer/cancer-types-in-adults/prostate-cancer/
Psoriasis,https://www.nhsinform.scot/illnesses-and-conditions/skin-hair-and-nails/psoriasis/
Psoriatic arthritis,https://www.nhsinform.scot/illnesses-and-conditions/muscle-bone-and-joints/conditions/psoriatic-arthritis/
Psychosis,https://www.nhsinform.scot/illnesses-and-conditions/mental-health/psychosis/
Pubic lice,https://www.nhsinform.scot/illnesses-and-conditions/sexual-and-reproductive/pubic-lice/
Pulmonary hypertension,https://www.nhsinform.scot/illnesses-and-conditions/a-to-z/pulmonary-hypertension/
Rare conditions,https://www.nhsinform.scot/illnesses-and-conditions/rare-conditions/
Rare tumours,https://www.nhsinform.scot/illnesses-and-conditions/cancer/cancer-types-in-children/rare-tumours/
Raynaud’s phenomenon,https://www.nhsinform.scot/illnesses-and-conditions/a-to-z/raynauds-phenomenon/
Reactive arthritis,https://www.nhsinform.scot/illnesses-and-conditions/muscle-bone-and-joints/conditions/reactive-arthritis/
Restless legs syndrome,https://www.nhsinform.scot/illnesses-and-conditions/brain-nerves-and-spinal-cord/restless-legs-syndrome/
Respiratory syncytial virus (RSV),https://www.nhsinform.scot/illnesses-and-conditions/infections-and-poisoning/respiratory-syncytial-virus-rsv/
Retinoblastoma: Children,https://www.nhsinform.scot/illnesses-and-conditions/cancer/cancer-types-in-children/retinoblastoma-children/
Rhabdomyosarcoma,https://www.nhsinform.scot/illnesses-and-conditions/cancer/cancer-types-in-children/rhabdomyosarcoma/
Rheumatoid arthritis,https://www.nhsinform.scot/illnesses-and-conditions/muscle-bone-and-joints/conditions/rheumatoid-arthritis/
Ringworm and other fungal infections,https://www.nhsinform.scot/illnesses-and-conditions/infections-and-poisoning/ringworm-and-other-fungal-infections/
Rosacea,https://www.nhsinform.scot/illnesses-and-conditions/skin-hair-and-nails/rosacea/
Scabies,https://www.nhsinform.scot/illnesses-and-conditions/skin-hair-and-nails/scabies/
Scarlet fever,https://www.nhsinform.scot/illnesses-and-conditions/infections-and-poisoning/scarlet-fever/
Schizophrenia,https://www.nhsinform.scot/illnesses-and-conditions/mental-health/schizophrenia/
Sciatica,https://www.nhsinform.scot/illnesses-and-conditions/muscle-bone-and-joints/conditions/sciatica/
Scoliosis,https://www.nhsinform.scot/illnesses-and-conditions/muscle-bone-and-joints/conditions/scoliosis/
Seasonal affective disorder (SAD),https://www.nhsinform.scot/illnesses-and-conditions/mental-health/seasonal-affective-disorder-sad/
Sepsis,https://www.nhsinform.scot/illnesses-and-conditions/blood-and-lymph/sepsis/
Septic shock,https://www.nhsinform.scot/illnesses-and-conditions/blood-and-lymph/septic-shock/
Shingles,https://www.nhsinform.scot/illnesses-and-conditions/infections-and-poisoning/shingles/
Shortness of breath,https://www.nhsinform.scot/illnesses-and-conditions/lungs-and-airways/shortness-of-breath/
Sickle cell disease,https://www.nhsinform.scot/illnesses-and-conditions/blood-and-lymph/sickle-cell-disease/
Sinusitis,https://www.nhsinform.scot/illnesses-and-conditions/ears-nose-and-throat/sinusitis/
Sjogren’s syndrome,https://www.nhsinform.scot/illnesses-and-conditions/immune-system/sjogrens-syndrome/
Skin cancer (melanoma),https://www.nhsinform.scot/illnesses-and-conditions/cancer/cancer-types-in-adults/skin-cancer-melanoma/
Skin cancer (non-melanoma),https://www.nhsinform.scot/illnesses-and-conditions/cancer/cancer-types-in-adults/skin-cancer-non-melanoma/
Skin light sensitivity (photosensitivity),https://www.nhsinform.scot/illnesses-and-conditions/skin-hair-and-nails/skin-light-sensitivity/skin-light-sensitivity-photosensitivity/
Skin rashes in children,https://www.nhsinform.scot/illnesses-and-conditions/skin-hair-and-nails/skin-rashes-in-children/
Slapped cheek syndrome,https://www.nhsinform.scot/illnesses-and-conditions/infections-and-poisoning/slapped-cheek-syndrome/
Soft tissue sarcomas,https://www.nhsinform.scot/illnesses-and-conditions/cancer/cancer-types-in-adults/soft-tissue-sarcomas/
Soft tissue sarcomas: Teenagers and young adults,https://www.nhsinform.scot/illnesses-and-conditions/cancer/cancer-types-in-teenagers-and-young-adults/soft-tissue-sarcomas-teenagers-and-young-adults/
Sore throat,https://www.nhsinform.scot/illnesses-and-conditions/ears-nose-and-throat/sore-throat/
Spleen problems and spleen removal,https://www.nhsinform.scot/illnesses-and-conditions/stomach-liver-and-gastrointestinal-tract/spleen-problems-and-spleen-removal/
Stillbirth,https://www.nhsinform.scot/illnesses-and-conditions/pregnancy-and-childbirth/stillbirth/
Stomach ache and abdominal pain,https://www.nhsinform.scot/illnesses-and-conditions/stomach-liver-and-gastrointestinal-tract/stomach-ache-and-abdominal-pain/
Stomach cancer,https://www.nhsinform.scot/illnesses-and-conditions/cancer/cancer-types-in-adults/stomach-cancer/
Stomach ulcer,https://www.nhsinform.scot/illnesses-and-conditions/stomach-liver-and-gastrointestinal-tract/stomach-ulcer/
Streptococcus A (strep A),https://www.nhsinform.scot/illnesses-and-conditions/infections-and-poisoning/streptococcus-a-strep-a/
"Stress, anxiety and low mood",https://www.nhsinform.scot/healthy-living/mental-wellbeing/
Stroke,https://www.nhsinform.scot/illnesses-and-conditions/brain-nerves-and-spinal-cord/stroke/
Subacromial pain syndrome,https://www.nhsinform.scot/illnesses-and-conditions/muscle-bone-and-joints/conditions/subacromial-pain-syndrome/
Sudden infant death syndrome (SIDS),https://www.nhsinform.scot/ready-steady-baby/early-parenthood/going-home/sleeping-safely/
Suicide,https://www.nhsinform.scot/surviving-suicidal-thoughts/getting-help-with-your-suicidal-thoughts/
Sunburn,https://www.nhsinform.scot/illnesses-and-conditions/injuries/skin-injuries/sunburn/
Supraventricular tachycardia,https://www.nhsinform.scot/illnesses-and-conditions/cardiovascular-disease/heart-disease/supraventricular-tachycardia/
Swollen glands,https://www.nhsinform.scot/illnesses-and-conditions/glands/swollen-glands/
Syphilis,https://www.nhsinform.scot/illnesses-and-conditions/sexual-and-reproductive/syphilis/
Tennis elbow,https://www.nhsinform.scot/illnesses-and-conditions/muscle-bone-and-joints/conditions/tennis-elbow/
Testicular cancer,https://www.nhsinform.scot/illnesses-and-conditions/cancer/cancer-types-in-adults/testicular-cancer/
Testicular cancer: Teenagers and young adults,https://www.nhsinform.scot/illnesses-and-conditions/cancer/cancer-types-in-teenagers-and-young-adults/testicular-cancer-teenagers-and-young-adults/
Testicular lumps and swellings,https://www.nhsinform.scot/illnesses-and-conditions/sexual-and-reproductive/testicular-lumps-and-swellings/
Thirst,https://www.nhsinform.scot/illnesses-and-conditions/nutritional/thirst/
Threadworms,https://www.nhsinform.scot/illnesses-and-conditions/stomach-liver-and-gastrointestinal-tract/threadworms/
Thrush,https://www.nhsinform.scot/illnesses-and-conditions/sexual-and-reproductive/thrush/
Thyroid cancer,https://www.nhsinform.scot/illnesses-and-conditions/cancer/cancer-types-in-adults/thyroid-cancer/
Thyroid cancer: Teenagers and young adults,https://www.nhsinform.scot/illnesses-and-conditions/cancer/cancer-types-in-teenagers-and-young-adults/thyroid-cancer-teenagers-and-young-adults/
Tick bites,https://www.nhsinform.scot/illnesses-and-conditions/injuries/skin-injuries/tick-bites/
Tinnitus,https://www.nhsinform.scot/illnesses-and-conditions/ears-nose-and-throat/tinnitus/
Tonsillitis,https://www.nhsinform.scot/illnesses-and-conditions/ears-nose-and-throat/tonsillitis/
Tooth decay,https://www.nhsinform.scot/illnesses-and-conditions/mouth/tooth-decay/
Toothache,https://www.nhsinform.scot/illnesses-and-conditions/mouth/toothache/
Tourette’s syndrome,https://www.nhsinform.scot/illnesses-and-conditions/brain-nerves-and-spinal-cord/tourettes-syndrome/
Transient ischaemic attack (TIA),https://www.nhsinform.scot/illnesses-and-conditions/brain-nerves-and-spinal-cord/transient-ischaemic-attack-tia/
Transverse myelitis,https://www.nhsinform.scot/illnesses-and-conditions/brain-nerves-and-spinal-cord/transverse-myelitis/
Trichomonas infection,https://www.nhsinform.scot/illnesses-and-conditions/sexual-and-reproductive/trichomonas-infection/
Trigeminal neuralgia,https://www.nhsinform.scot/illnesses-and-conditions/brain-nerves-and-spinal-cord/trigeminal-neuralgia/
Tuberculosis (TB),https://www.nhsinform.scot/illnesses-and-conditions/infections-and-poisoning/tuberculosis-tb/
Type 1 diabetes,https://www.nhsinform.scot/illnesses-and-conditions/diabetes/type-1-diabetes/
Type 2 diabetes,https://www.nhsinform.scot/illnesses-and-conditions/diabetes/type-2-diabetes/
Ulcerative colitis,https://www.nhsinform.scot/illnesses-and-conditions/stomach-liver-and-gastrointestinal-tract/inflammatory-bowel-disease-ibd/ulcerative-colitis/
Underactive thyroid,https://www.nhsinform.scot/illnesses-and-conditions/glands/underactive-thyroid/
Urinary incontinence,https://www.nhsinform.scot/illnesses-and-conditions/kidneys-bladder-and-prostate/urinary-incontinence/
Urinary incontinence in women,https://www.nhsinform.scot/healthy-living/womens-health/middle-years-around-25-to-50-years/pelvic-health/urinary-incontinence-in-women/
Urinary tract infection (UTI),https://www.nhsinform.scot/illnesses-and-conditions/kidneys-bladder-and-prostate/urinary-tract-infection-uti/
Urinary tract infection (UTI) in children,https://www.nhsinform.scot/illnesses-and-conditions/kidneys-bladder-and-prostate/urinary-tract-infection-uti-in-children/
Urticaria (hives),https://www.nhsinform.scot/illnesses-and-conditions/skin-hair-and-nails/hives/
Vaginal cancer,https://www.nhsinform.scot/illnesses-and-conditions/cancer/cancer-types-in-adults/vaginal-cancer/
Vaginal discharge,https://www.nhsinform.scot/illnesses-and-conditions/sexual-and-reproductive/vaginal-discharge/
Varicose eczema,https://www.nhsinform.scot/illnesses-and-conditions/skin-hair-and-nails/varicose-eczema/
Varicose veins,https://www.nhsinform.scot/illnesses-and-conditions/a-to-z/varicose-veins/
Venous leg ulcer,https://www.nhsinform.scot/illnesses-and-conditions/skin-hair-and-nails/venous-leg-ulcer/
Vertigo,https://www.nhsinform.scot/illnesses-and-conditions/ears-nose-and-throat/vertigo/
Vitamin B12 or folate deficiency anaemia,https://www.nhsinform.scot/illnesses-and-conditions/nutritional/vitamin-b12-or-folate-deficiency-anaemia/
Vomiting in adults,https://www.nhsinform.scot/illnesses-and-conditions/stomach-liver-and-gastrointestinal-tract/vomiting-in-adults/
Vomiting in children and babies,https://www.nhsinform.scot/illnesses-and-conditions/stomach-liver-and-gastrointestinal-tract/vomiting-in-children-and-babies/
Vulval cancer,https://www.nhsinform.scot/illnesses-and-conditions/cancer/cancer-types-in-adults/vulval-cancer/
Warts and verrucas,https://www.nhsinform.scot/illnesses-and-conditions/skin-hair-and-nails/warts-and-verrucas/
Whiplash,https://www.nhsinform.scot/illnesses-and-conditions/muscle-bone-and-joints/conditions/whiplash/
Whooping cough,https://www.nhsinform.scot/illnesses-and-conditions/infections-and-poisoning/whooping-cough/
Wilms’ tumour,https://www.nhsinform.scot/illnesses-and-conditions/cancer/cancer-types-in-children/wilms-tumour/
Wolff-Parkinson-White syndrome,https://www.nhsinform.scot/illnesses-and-conditions/cardiovascular-disease/heart-disease/wolff-parkinson-white-syndrome/
Womb (uterus) cancer,https://www.nhsinform.scot/illnesses-and-conditions/cancer/cancer-types-in-adults/womb-uterus-cancer/
Yellow fever,https://www.nhsinform.scot/illnesses-and-conditions/infections-and-poisoning/yellow-fever/
Zika virus,https://www.nhsinform.scot/illnesses-and-conditions/infections-and-poisoning/zika-virus/